,Tweets,length,Date,Source,Likes,RTs
0,"....Ever since Andrew came to my office to ask that I appoint him to the U.S. Supreme Court, and I said NO, he has‚Ä¶ https://t.co/EWULSkdhu4",139,2019-04-28 02:57:32,Twitter for iPhone,7194,2127
1,Thank you to brilliant and highly respected attorney Alan Dershowitz for destroying the very dumb legal argument of‚Ä¶ https://t.co/SaCJ0l6v0p,140,2019-04-28 02:57:31,Twitter for iPhone,9009,2445
2,"Thank you Green Bay, Wisconsin! MAKE AMERICA GREAT AGAIN!! https://t.co/chGLxGsPQh",82,2019-04-28 02:07:11,Twitter for iPhone,23730,5836
3,"Beautiful #TrumpRally tonight in Green Bay, Wisconsin with a massive crowd. Thank you for joining me, I love you!‚Ä¶ https://t.co/aZA5PpgnPK",138,2019-04-28 01:58:39,Twitter for iPhone,24499,7027
4,"Just arrived in Green Bay, Wisconsin for a #MAGA Rally. Big crowds - join me at 8:00 P.M. Eastern, live on @FoxNews!",116,2019-04-27 23:46:06,Twitter for iPhone,29999,6423
5,"Sincerest THANK YOU to our great Border Patrol Agent who stopped the shooter at the Synagogue in Poway, California.‚Ä¶ https://t.co/ZMsUcb4uSt",140,2019-04-27 22:47:01,Twitter for iPhone,76318,18467
6,Great day with Prime Minister @AbeShinzo of Japan. We played a quick round of golf by the beautiful Potomac River w‚Ä¶ https://t.co/ZZ8cr82aN8,140,2019-04-27 22:14:25,Twitter for iPhone,36071,8064
7,"Leaving now for Green Bay, Wisconsin - BIG CROWD, will be there shortly! #MAGA",78,2019-04-27 22:00:23,Twitter for iPhone,37599,7367
8,"Thoughts and prayers to all of those affected by the shooting at the Synagogue in Poway, California. God bless you‚Ä¶ https://t.co/wdd5JTfyc8",139,2019-04-27 21:41:05,Twitter for iPhone,68422,14533
9,"We must end the Opioid Crisis. Do your part today by participating in prescription drug #TakeBackDay at over 4,000‚Ä¶ https://t.co/umQPLdbkiY",139,2019-04-27 17:05:36,Twitter for iPhone,32767,8130
10,RT @FLOTUS: #TakeBackDay is a reminder to dispose of your unused prescription drugs responsibly! Find your nearest collection center at htt‚Ä¶,140,2019-04-27 16:30:13,Twitter for iPhone,0,6394
11,RT @WhiteHouse: Today is National Drug Take Back Day! Find a collection site near you and join the fight against opioid abuse. https://t.co‚Ä¶,140,2019-04-27 16:23:37,Twitter for iPhone,0,4846
12,Congratulations to Nick Bosa on being picked number two in the NFL Draft. You will be a great player for years to c‚Ä¶ https://t.co/WkVHudsh4Z,140,2019-04-27 12:06:03,Twitter for iPhone,129657,20474
13,THANK YOU @NRA! #NRAAM https://t.co/SWkpe1eFhT,46,2019-04-26 22:57:34,Twitter for iPhone,80758,19534
14,"‚ÄúU.S. Economy Grows 3.2% in Q1, Smashing Expectations‚Äù https://t.co/HltPdlkOD0",78,2019-04-26 19:13:29,Twitter for iPhone,69046,18376
15,"RT @WhiteHouse: ""With God as our witness, we swear today that we will defend our rights, we will safeguard our freedoms, we will uphold our‚Ä¶",140,2019-04-26 19:03:10,Twitter for iPhone,0,21058
16,"RT @WhiteHouse: ‚ÄúUnder my Administration, we will never surrender American sovereignty to anyone. We will never allow foreign bureaucrats t‚Ä¶",140,2019-04-26 19:03:05,Twitter for iPhone,0,15345
17,Spoke to Saudi Arabia and others about increasing oil flow. All are in agreement. The California tax on gasoline is‚Ä¶ https://t.co/znQjuoNReT,140,2019-04-26 18:31:47,Twitter for iPhone,74398,19118
18,Great NRA crowd and enthusiasm in Indiana. Thank you! Leaving now for meetings in the Oval Office.,98,2019-04-26 17:34:33,Twitter for iPhone,87082,15494
19,Just out: Real GDP for First Quarter grew 3.2% at an annual rate. This is far above expectations or projections. Im‚Ä¶ https://t.co/spnrLCoNTf,140,2019-04-26 14:25:28,Twitter for iPhone,118158,26142
20,Heading to Indianapolis to speak at the big NRA Conference. Love being in Indiana. The @NRA is getting stronger &amp; s‚Ä¶ https://t.co/zRQgDqxoeQ,144,2019-04-26 12:47:07,Twitter for iPhone,65701,14641
21,"Weirdo Tom Steyer, who didn‚Äôt have the ‚Äúguts‚Äù or money to run for President, is still trying to remain relevant by‚Ä¶ https://t.co/nJqUqO3fbB",139,2019-04-26 12:39:55,Twitter for iPhone,107100,24059
22,‚ÄúPresident Donald J. Trump is the greatest hostage negotiator that I know of in the history of the United States. 2‚Ä¶ https://t.co/QqmsIJ4tbA,140,2019-04-26 11:32:40,Twitter for iPhone,131479,27856
23,"No money was paid to North Korea for Otto Warmbier, not two Million Dollars, not anything else. This is not the Oba‚Ä¶ https://t.co/kJK9TTdoly",140,2019-04-26 11:12:21,Twitter for iPhone,105589,27612
24,I will be interviewed on @seanhannity at 9:00 PM.  In 5 minutes - Enjoy!,72,2019-04-26 00:59:14,Twitter for iPhone,58371,9041
25,Thank you! #MAGAüá∫üá∏ https://t.co/EWjwRlmIve,42,2019-04-25 18:11:16,Twitter for iPhone,98597,21680
26,Our Border Control Agents have done an incredible job under very adverse conditions. I am very proud to have increa‚Ä¶ https://t.co/oZ6gSgfRel,140,2019-04-25 18:09:25,Twitter for iPhone,86646,21467
27,"RT @WhiteHouse: President @realDonaldTrump and @FLOTUS traveled to Atlanta, Georgia, yesterday for the Rx Drug Abuse and Heroin Summit, con‚Ä¶",140,2019-04-25 17:17:56,Twitter for iPhone,0,9850
28,"Look forward to seeing everyone in Indianapolis, Indiana tomorrow! https://t.co/3soeEjsMA3",90,2019-04-25 16:32:44,Twitter for iPhone,66314,16198
29,I will be interviewed by @seanhannity tonight at 9:00 PM on @FoxNews. Enjoy!,76,2019-04-25 14:35:11,Twitter for iPhone,65870,15677
30,"RT @RepMattGaetz: ""The man who killed my son never did a day in prison. Not one day.""

On January 22nd, 2015, Grant Ronnebeck was shot and‚Ä¶",139,2019-04-25 14:03:37,Twitter for iPhone,0,24597
31,"RT @GOPChairwoman: If Joe Biden wants to keep score:

In 8 years, Biden &amp; Obama had a net loss of 193,000 manufacturing jobs.

In just over‚Ä¶",144,2019-04-25 14:01:57,Twitter for iPhone,0,30240
32,"RT @GOPChairwoman: Joe Biden literally can‚Äôt hide from the economic successes of @realDonaldTrump‚Äôs administration. 
 
Biden chose Pennsylv‚Ä¶",140,2019-04-25 13:48:02,Twitter for iPhone,0,15330
33,"RT @GOP: Do you want to go back to a bad economy, failed foreign policy, and more broken promises? https://t.co/TibOT2Bi5l",122,2019-04-25 13:47:45,Twitter for iPhone,0,11450
34,RT @RepAndyBiggsAZ: I‚Äôm grateful for my colleagues who accompanied me to the border to view the crisis w/ their own eyes. It‚Äôs one thing to‚Ä¶,140,2019-04-25 13:35:56,Twitter for iPhone,0,7212
35,"RT @RepMattGaetz: Volume 1 of the Mueller Report is based on evidence, while Volume 2 seems to rely heavily on the reporting of news outlet‚Ä¶",140,2019-04-25 13:35:36,Twitter for iPhone,0,12392
36,"RT @RepMarkMeadows: We knew they wouldn‚Äôt give up.

The collusion delusion fell flat, and now reports say House Democrats are preparing to‚Ä¶",139,2019-04-25 13:32:26,Twitter for iPhone,0,13984
37,"RT @dcexaminer: ""The collusion delusion fell flat."" 

@RepMarkMeadows suggests Democrats are too blinded by hatred of @realDonaldTrump to l‚Ä¶",140,2019-04-25 13:31:38,Twitter for iPhone,0,7604
38,RT @RepMarkMeadows: Reminder: Democrats demanding an unredacted Mueller report (exposing even classified info) spent a year attacking mysel‚Ä¶,140,2019-04-25 13:31:11,Twitter for iPhone,0,14067
39,"RT @Jim_Jordan: It‚Äôs time to figure out what the Comey Cabal did at the start of the fake ‚ÄúRussia collusion‚Äù investigation.

Comey, Andy Mc‚Ä¶",140,2019-04-25 13:30:14,Twitter for iPhone,0,20153
40,RT @GOPoversight: Democrats are obsessed with @realDonaldTrump. It's time to move on and solve problems for the American people. https://t.‚Ä¶,140,2019-04-25 13:29:00,Twitter for iPhone,0,11139
41,"RT @Jim_Jordan: Peter Strzok told us that he would ‚Äúlove to answer each and every one of [our] questions"" once the Mueller investigation co‚Ä¶",140,2019-04-25 13:27:59,Twitter for iPhone,0,23710
42,"Welcome to the race Sleepy Joe. I only hope you have the intelligence, long in doubt, to wage a successful primary‚Ä¶ https://t.co/p7PH3ZQEe7",139,2019-04-25 12:22:18,Twitter for iPhone,162396,33715
43,".....Despite the fact that the Mueller Report was ‚Äúcomposed‚Äù by Trump Haters and Angry Democrats, who had unlimited‚Ä¶ https://t.co/3nxQctDapT",140,2019-04-25 12:09:42,Twitter for iPhone,76668,17312
44,"....Mueller was NOT fired and was respectfully allowed to finish his work on what I, and many others, say was an il‚Ä¶ https://t.co/rlABvWEUUA",140,2019-04-25 11:57:24,Twitter for iPhone,113345,25429
45,"As has been incorrectly reported by the Fake News Media, I never told then White House Counsel Don McGahn to fire R‚Ä¶ https://t.co/feT5e4MqmN",140,2019-04-25 11:47:12,Twitter for iPhone,90484,20800
46,"The Great State of Tennessee is so close to passing School Choice. All of our Nation‚Äôs children, regardless of back‚Ä¶ https://t.co/waTxCBpsMD",140,2019-04-24 23:01:43,Twitter for iPhone,106664,24563
47,".@SenMikeLee of the great state of Utah has written a wonderful new book entitled, ‚ÄúOur Lost Declaration.‚Äù Highly recommended!",126,2019-04-24 19:48:32,Twitter for iPhone,59141,13809
48,"As ONE UNITED NATION, we will work, we will pray, and we will fight for the day when every family across our land c‚Ä¶ https://t.co/IcjJfEnaE1",140,2019-04-24 18:40:18,Twitter for iPhone,74113,17779
49,"Today, @FLOTUS Melania and I were honored to join thousands of leaders from across the Country for the 2019 Prescri‚Ä¶ https://t.co/t9bRwNnIy9",140,2019-04-24 18:36:46,Twitter for iPhone,56604,13071
50,"Rep. Alexandria Ocasio-Cortez is correct, the VA is not broken, it is doing great. But that is only because of the‚Ä¶ https://t.co/2XHTS0gNl9",139,2019-04-24 16:54:54,Twitter for iPhone,97227,21246
51,"I didn‚Äôt call Bob Costa of the Washington Post, he called me (Returned his call)!  Just more Fake News.",103,2019-04-24 14:09:35,Twitter for iPhone,78698,17091
52,"....Congress has no time to legislate, they only want to continue the Witch Hunt, which I have already won. They sh‚Ä¶ https://t.co/SR99p1tb72",140,2019-04-24 13:52:04,Twitter for iPhone,124007,29988
53,"No Collusion, No Obstruction - there has NEVER been a President who has been more transparent. Millions of pages of‚Ä¶ https://t.co/v8HpsttkC5",140,2019-04-24 13:47:54,Twitter for iPhone,102613,23375
54,Can anyone comprehend what a GREAT job Border Patrol and Law Enforcement is doing on our Southern Border. So far th‚Ä¶ https://t.co/G13GJJCTeV,140,2019-04-24 13:34:41,Twitter for iPhone,89580,20875
55,".....are there no ‚ÄúHigh Crimes and Misdemeanors,‚Äù there are no Crimes by me at all. All of the Crimes were committe‚Ä¶ https://t.co/CfcpFiyym7",140,2019-04-24 12:18:31,Twitter for iPhone,81457,21510
56,"The Mueller Report, despite being written by Angry Democrats and Trump Haters, and with unlimited money behind it (‚Ä¶ https://t.co/P0Xq2h0Boq",140,2019-04-24 12:10:06,Twitter for iPhone,100702,24316
57,"Mexico‚Äôs Soldiers recently pulled guns on our National Guard Soldiers, probably as a diversionary tactic for drug s‚Ä¶ https://t.co/bpPOy93S7x",140,2019-04-24 12:00:46,Twitter for iPhone,128996,33779
58,"A very big Caravan of over 20,000 people started up through Mexico. It has been reduced in size by Mexico but is st‚Ä¶ https://t.co/xoErbSRTwA",140,2019-04-24 11:25:43,Twitter for iPhone,87423,23557
59,"The American people deserve to know who is in this Country. Yesterday, the Supreme Court took up the Census Citizen‚Ä¶ https://t.co/xrFCfBHsXj",140,2019-04-24 11:18:08,Twitter for iPhone,126034,27783
60,‚ÄúFormer CIA analyst Larry Johnson accuses United Kingdom Intelligence of helping Obama Administration Spy on the 20‚Ä¶ https://t.co/ShzvQun68s,140,2019-04-24 11:04:17,Twitter for iPhone,107479,34599
61,Thanks Rush! @FoxNews https://t.co/x8XogwA8VX,45,2019-04-24 00:46:04,Twitter Media Studio,86401,26117
62,You mean the Stock Market hit an all-time record high today and they‚Äôre actually talking impeachment!? Will I ever‚Ä¶ https://t.co/Z8CfnRuMy7,139,2019-04-23 22:43:34,Twitter for iPhone,151353,34915
63,Great meeting this afternoon at the @WhiteHouse with @Jack from @Twitter. Lots of subjects discussed regarding thei‚Ä¶ https://t.co/Sw2ZwrclUT,140,2019-04-23 20:54:56,Twitter for iPhone,74700,19675
64,"I will be in Green Bay, Wisconsin this Saturday, April 27th at the Resch Center ‚Äî 7:00pm (CDT). Big crowd expected!‚Ä¶ https://t.co/4O8qSG4CYp",140,2019-04-23 18:08:55,Twitter for iPhone,60843,16221
65,"Great golf champion &amp; friend, Ernie Els (@TheBig_Easy), has done a tremendous job in assisting those w/ Autism thro‚Ä¶ https://t.co/RimZI6BXKC",144,2019-04-23 17:34:42,Twitter for iPhone,69215,14599
66,Great interview by Jared. Nice to have extraordinarily smart people serving our Country! https://t.co/d6Tgrn4Tzn,112,2019-04-23 15:47:42,Twitter for iPhone,60800,13954
67,KEEP AMERICA GREAT!,19,2019-04-23 11:47:36,Twitter for iPhone,163763,31751
68,The Wall is being rapidly built! The Economy is GREAT! Our Country is Respected again!,86,2019-04-23 11:46:34,Twitter for iPhone,144210,28173
69,.....But should be much higher than that if Twitter wasn‚Äôt playing their political games. No wonder Congress wants‚Ä¶ https://t.co/e1I3vgV1Ug,139,2019-04-23 11:32:19,Twitter for iPhone,71555,16954
70,"‚ÄúThe best thing ever to happen to Twitter is Donald Trump.‚Äù @MariaBartiromo  So true, but they don‚Äôt treat me well‚Ä¶ https://t.co/5jwDvocFqG",139,2019-04-23 11:26:40,Twitter for iPhone,85625,20508
71,"‚ÄúHarley Davidson has struggled with Tariffs with the EU, currently paying 31%. They‚Äôve had to move production overs‚Ä¶ https://t.co/r0RAX6jBHU",140,2019-04-23 11:04:37,Twitter for iPhone,70176,16585
72,....Dumb and Sick. A really bad show with low ratings - and will only get worse. CNN has been a proven and long ter‚Ä¶ https://t.co/owlRr5I3P6,140,2019-04-23 10:54:34,Twitter for iPhone,78205,17149
73,Sorry to say but @foxandfriends is by far the best of the morning political shows on television. It rightfully has‚Ä¶ https://t.co/SpyApUgKBK,139,2019-04-23 10:44:33,Twitter for iPhone,77269,17481
74,"In the ‚Äúold days‚Äù if you were President and you had a good economy, you were basically immune from criticism. Remem‚Ä¶ https://t.co/lRBKqFnFle",140,2019-04-23 10:27:06,Twitter for iPhone,152305,31813
75,"The Radical Left Democrats, together with their leaders in the Fake News Media, have gone totally insane! I guess t‚Ä¶ https://t.co/m87QJerN6a",140,2019-04-23 10:18:42,Twitter for iPhone,70075,17024
76,"I will be going to Green Bay, Wisconsin, for a really big Rally on Saturday Evening. Big crowd expected, much to ta‚Ä¶ https://t.co/rhhg1sGlxo",140,2019-04-23 10:14:24,Twitter for iPhone,98539,20032
77,"I wonder if the New York Times will apologize to me a second time, as they did after the 2016 Election. But this on‚Ä¶ https://t.co/DTPoqOTP2D",140,2019-04-23 10:08:03,Twitter for iPhone,94590,21565
78,"Paul Krugman, of the Fake News New York Times, has lost all credibility, as has the Times itself, with his false an‚Ä¶ https://t.co/wEN7us3oQg",140,2019-04-23 09:59:49,Twitter for iPhone,82479,20008
79,RT @realDonaldTrump: PRESIDENTIAL HARASSMENT! https://t.co/G3f6QBNSMa,69,2019-04-23 03:06:12,Twitter for iPhone,0,25591
80,RT @realDonaldTrump: Thank you @MarkLevinShow! #MAGA https://t.co/kff84hFgKP,76,2019-04-23 03:05:21,Twitter for iPhone,0,23393
81,"RT @MarshaBlackburn: Here‚Äôs what #TaxReform has brought to our country: 
‚úÖ3.2 million new jobs
‚úÖA bigger paycheck for ~90% of taxpayers
‚úÖLo‚Ä¶",140,2019-04-22 23:59:38,Twitter for iPhone,0,9706
82,"RT @SenKevinCramer: Created under the Tax Cuts and Jobs Act, Opportunity Zones help lift low income Americans out of poverty by encouraging‚Ä¶",140,2019-04-22 23:58:58,Twitter for iPhone,0,6076
83,"RT @SenCapito: Last year, @SenatorTimScott and I toured #OpportunityZones in Huntington and saw the incredible potential in these designate‚Ä¶",140,2019-04-22 23:58:28,Twitter for iPhone,0,4152
84,"RT @GOP: ‚ÄúIn the heartland, they want legislating, not investigating.‚Äù -@kayleighmcenany https://t.co/g6GNhJQGFS",112,2019-04-22 23:57:10,Twitter for iPhone,0,8020
85,RT @FLOTUS: Another wonderful Easter Egg roll!  @POTUS and I enjoyed meeting everyone!  Thank you to the many volunteers and vendors who wo‚Ä¶,140,2019-04-22 23:55:55,Twitter for iPhone,0,11813
86,"RT @WhiteHouse: The 2019 Easter Egg Roll is almost here! 

President @realDonaldTrump and @FLOTUS will welcome guests to the White House fo‚Ä¶",140,2019-04-22 23:55:46,Twitter for iPhone,0,7316
87,"RT @replouiegohmert: What I have accumulated here is absolutely shocking upon the realization that #Mueller's disreputable, twisted history‚Ä¶",140,2019-04-22 23:45:33,Twitter for iPhone,0,19394
88,RT @RepMarkMeadows: Absolutely devastating to see the news out of Sri Lanka this morning. These were Christians targeted simply for practic‚Ä¶,140,2019-04-22 23:44:56,Twitter for iPhone,0,8090
89,"RT @RepMarkMeadows: Think about this: we had a President under a constant 2 year investigation for a fabricated collusion conspiracy, and y‚Ä¶",140,2019-04-22 23:44:32,Twitter for iPhone,0,17763
90,"RT @Jim_Jordan: ‚ÄúRep. Jim Jordan on plans to investigate the origins of the Russia collusion investigation‚Äù

https://t.co/4TraSR2jaM",132,2019-04-22 23:43:44,Twitter for iPhone,0,11747
91,RT @Jim_Jordan: Dems holding a conference call today to discuss their next moves now that Mueller announced no collusion and no obstruction‚Ä¶,140,2019-04-22 23:43:26,Twitter for iPhone,0,18530
92,RT @GOPoversight: Days since @RepCummings promised accountability for #MichaelCohen‚Äôs lies: 54 https://t.co/no25hstV69,118,2019-04-22 23:43:02,Twitter for iPhone,0,5364
93,RT @DevinNunes: Carter Page: Mueller Report Shows He's Mr. Clean | National Review  https://t.co/ArJwbs3izo,107,2019-04-22 23:39:02,Twitter for iPhone,0,9164
94,RT @DevinNunes: Victor Davis Hanson: Mueller Probe Could Backfire on Those Who Fabricated Russia-Collusion Narrative - YouTube https://t.co‚Ä¶,140,2019-04-22 23:38:27,Twitter for iPhone,0,11431
95,"RT @DevinNunes: Byron York: For some Dems, breaking up with dossier is hard to do ‚Å¶@ByronYork‚Å©  https://t.co/aVdNgcGv4m",119,2019-04-22 23:38:14,Twitter for iPhone,0,7202
96,"RT @TomFitton: COUP: @RealDonaldTrump was right -- Mueller witchhunt part of #Spygate abuse begun by Obama DOJ/FBI, working with Hillary Cl‚Ä¶",140,2019-04-22 23:37:29,Twitter for iPhone,0,8328
97,"RT @TomFitton: COUP UPDATE: Who needs to be investigated on #Spygate and other abuses targeting @RealDonaldTrump? Partial list:

Obama

Bid‚Ä¶",140,2019-04-22 23:37:07,Twitter for iPhone,0,24687
98,RT @drudgefeed: Woodward: Investigate FBICIA Handling of 'Garbage' Dossier... https://t.co/Py5AwZpRfy,101,2019-04-22 23:34:41,Twitter for iPhone,0,7348
99,"RT @TomFitton: UNPRECEDENTED Spying Campaign on @RealDonaldTrump: DOJ/FBI/NSA/CIA/State -- ""all hands on deck"" in Obama administration's go‚Ä¶",140,2019-04-22 23:33:41,Twitter for iPhone,0,8433
100,RT @TomFitton: President @realDonaldTrump Should File a Criminal Complaint with DOJ over Illicit Targeting - @JudicialWatch https://t.co/oR‚Ä¶,140,2019-04-22 23:33:01,Twitter for iPhone,0,7877
101,RT @TomFitton: Mueller report full of gossip targeting @realDonaldTrump. https://t.co/lPEroontdg,96,2019-04-22 23:32:50,Twitter for iPhone,0,5369
102,RT @TomFitton: COUP Update: Mueller Report vindicates @RealDonaldTrump even as it tries to smear him PLUS new @JudicialWatch lawsuits on FB‚Ä¶,140,2019-04-22 23:31:56,Twitter for iPhone,0,6034
103,"RT @GOPChairwoman: Joe Biden has been losing presidential elections since the 1980s. 
 
2020 will be no different.
 
Biden will have to ans‚Ä¶",140,2019-04-22 23:30:26,Twitter for iPhone,0,7954
104,RT @MariaBartiromo: Rep. Ratcliffe: Mueller report proves Donald Trump was telling the truth about collusion https://t.co/dD5kCNBwKl  @Sund‚Ä¶,140,2019-04-22 23:28:13,Twitter for iPhone,0,5265
105,PRESIDENTIAL HARASSMENT! https://t.co/G3f6QBNSMa,48,2019-04-22 21:35:18,Twitter Media Studio,82183,25591
106,This should NEVER happen to another President AGAIN! https://t.co/9fnYIzjKQX,76,2019-04-22 21:30:57,Twitter Media Studio,65954,19208
107,Just spoke to @LouDobbs. Will be doing a very interesting show tonight at 7:00 P.M. Eastern on @FoxBusiness!,108,2019-04-22 20:46:12,Twitter for iPhone,39059,9556
108,"Today, @FLOTUS Melania and I are honored to host the 2019 @WhiteHouse Easter Egg Roll! https://t.co/dKxSefCl7H",110,2019-04-22 19:41:59,Twitter for iPhone,62822,12024
109,"Isn‚Äôt it amazing that the people who were closest to me, by far, and knew the Campaign better than anyone, were nev‚Ä¶ https://t.co/ClhEC2oPGF",140,2019-04-22 19:31:49,Twitter for iPhone,89729,21828
110,"‚ÄúA very exculpatory section of the Mueller Report: NO CONSPIRACY, COORDINATION or COLLUSION with the Trump Campaign‚Ä¶ https://t.co/ABGPbJaIGS",140,2019-04-22 19:04:11,Twitter Media Studio,40755,11579
111,‚ÄúThe Obama Administration did not do itself proud in this.‚Äù @ByronYork https://t.co/6IDI1vEqFV,94,2019-04-22 18:59:19,Twitter for iPhone,44315,12510
112,SOUTHERN BORDER CRISIS! @LouDobbs https://t.co/2w3Qt9p8ER,57,2019-04-22 18:25:26,Twitter Media Studio,40608,12625
113,"Spoke to the Prime Minister of Italy, Giuseppe Conte, mostly concerning Immigration, Taxes, Trade, and the Economy‚Ä¶ https://t.co/RchfhsSbA1",139,2019-04-22 18:06:59,Twitter for iPhone,72216,13683
114,Spoke to Prime Minister Ranil Wickremesinghe of Sri Lanka this morning to inform him that the United States stands‚Ä¶ https://t.co/jcugbMEx3E,139,2019-04-22 18:05:04,Twitter for iPhone,101221,19601
115,RT @realDonaldTrump: How do you impeach a Republican President for a crime that was committed by the Democrats? MAKE AMERICA GREAT AGAIN!,137,2019-04-22 16:58:22,Twitter for iPhone,0,63616
116,"My friend Herman Cain, a truly wonderful man, has asked me not to nominate him for a seat on the Federal Reserve Bo‚Ä¶ https://t.co/49kXbzXBwv",140,2019-04-22 16:16:38,Twitter for iPhone,126135,21257
117,Congratulations! https://t.co/1qWbGqCCyj,40,2019-04-22 14:18:24,Twitter for iPhone,135716,31280
118,Thank you @MarkLevinShow! #MAGA https://t.co/kff84hFgKP,55,2019-04-22 14:11:30,Twitter Media Studio,72944,23393
119,"Only high crimes and misdemeanors can lead to impeachment. There were no crimes by me (No Collusion, No Obstruction‚Ä¶ https://t.co/DorpeX0Qm1",140,2019-04-22 13:47:41,Twitter for iPhone,131157,33579
120,Saudi Arabia and others in OPEC will more than make up the Oil Flow difference in our now Full Sanctions on Iranian‚Ä¶ https://t.co/NkKkvxhh0R,140,2019-04-22 13:37:10,Twitter for iPhone,76939,23479
121,So true - thanks @SteveHiltonx @NextRevFNC! https://t.co/2UK8RgzRQL,67,2019-04-22 12:52:46,Twitter for iPhone,53630,17194
122,How do you impeach a Republican President for a crime that was committed by the Democrats? MAKE AMERICA GREAT AGAIN!,116,2019-04-21 22:35:16,Twitter for iPhone,270248,63616
123,Can you believe that I had to go through the worst and most corrupt political Witch Hunt in the history of the Unit‚Ä¶ https://t.co/dqchr5i7rz,140,2019-04-21 14:23:37,Twitter for iPhone,188618,41801
124,Jobless claims in the United States have reached their lowest (BEST) level in over 50 years!,92,2019-04-21 13:55:27,Twitter for iPhone,115264,22925
125,"Despite No Collusion, No Obstruction, The Radical Left Democrats do not want to go on to Legislate for the good of‚Ä¶ https://t.co/tJGQpCW559",139,2019-04-21 12:51:49,Twitter for iPhone,92536,21915
126,The Trump Haters and Angry Democrats who wrote the Mueller Report were devastated by the No Collusion finding! Noth‚Ä¶ https://t.co/9DCJiuDKA7,140,2019-04-21 12:37:43,Twitter for iPhone,102275,21937
127,"Do you believe this? The New York Times Op-Ed: MEDIA AND DEMOCRATS OWE TRUMP AN APOLOGY. Well, they got that one right!",119,2019-04-21 11:40:29,Twitter for iPhone,144711,31008
128,"138 people have been killed in Sri Lanka, with more that 600 badly injured, in a terrorist attack on churches and h‚Ä¶ https://t.co/pgcaUdgmpN",140,2019-04-21 11:20:25,Twitter for iPhone,144482,32058
129,"Happy Easter! I have never been happier or more content because your Country is doing so well, with an Economy that‚Ä¶ https://t.co/mDTlFUFVpq",140,2019-04-21 11:04:01,Twitter for iPhone,229767,38662
130,RT @ByronYork: Lotta stuff in the report. From @SecretsBedard: Kushner cleared of seeking Russian money to pay real estate debt. https://t.‚Ä¶,140,2019-04-21 04:01:18,Twitter for iPhone,0,9353
131,RT @seanhannity: Prior Reporting Confirmed That Some FBI Agents Were FED UP With Comey https://t.co/xKVZMVnOQI,110,2019-04-21 03:10:43,Twitter for iPhone,0,13297
132,Thank you @JesseBWatters and @DBongino! https://t.co/aGH4GBzhqh,63,2019-04-21 01:53:02,Twitter for iPhone,87527,23076
133,https://t.co/xiMQFztJlV,23,2019-04-21 01:44:34,Twitter for iPhone,71380,20548
134,"RT @RepDougCollins: This is ridiculous. AG Barr gives Democrats unprecedented accommodations, and they refuse them hours after Chairman Nad‚Ä¶",140,2019-04-20 23:35:46,Twitter for iPhone,0,16277
135,Good night of television! 8:00 PM @WattersWorld  9:00 PM @JudgeJeanine with interview of @RudyGiuliani followed by‚Ä¶ https://t.co/FT7fgjvDHy,139,2019-04-20 23:34:04,Twitter for iPhone,69640,14495
136,RT @LouDobbs: #DrainTheSwamp - @GreggJarrett: No one takes anything Schiff says seriously because he lost all credibility. For 2 years he c‚Ä¶,140,2019-04-20 23:22:28,Twitter for iPhone,0,12710
137,"RT @MariaBartiromo: Tomorrow #EXCLUSIVE @SundayFutures @FoxNews #BreakingNews 10am et @LindseyGrahamSC 
@RepDougCollins
@RepCartwright
@Rep‚Ä¶",140,2019-04-20 23:20:25,Twitter for iPhone,0,4496
138,"RT @MariaBartiromo: Happening now: @LindseyGrahamSC ""we are working on a package to change the immigration laws &amp; asylum laws. We will intr‚Ä¶",144,2019-04-20 23:20:08,Twitter for iPhone,0,16585
139,"Check out @MarkLevinShow: Life, Liberty &amp; Levin on @FoxNews now (7pm)!",74,2019-04-20 23:02:54,Twitter for iPhone,42156,8527
140,"If @MittRomney spent the same energy fighting Barack Obama as he does fighting Donald Trump, he could have won the‚Ä¶ https://t.co/o3xUWUPqOG",139,2019-04-20 22:09:33,Twitter for iPhone,130370,30944
141,RT @marklevinshow: My appearance on Fox &amp; Friends this morning https://t.co/d8qrERYmeD,90,2019-04-20 21:55:17,Twitter for iPhone,0,11825
142,"RT @DanScavino: I am with the President at the Southern White House, I have never seen him happier!",99,2019-04-20 21:48:05,Twitter for iPhone,0,13764
143,https://t.co/bCvpOGCD4t,23,2019-04-20 21:46:09,Twitter for iPhone,82726,21465
144,"RT @IvankaTrump: Wonderful and productive visit to C√¥te d'Ivoire! #WGDP! 
üé•: https://t.co/zzEsYYOyUp",100,2019-04-20 17:52:41,Twitter for iPhone,0,9209
145,RT @IvankaTrump: Thank you for an incredible trip Ethiopia! üá∫üá∏üá™üáπ https://t.co/lqE2XLQ25I,88,2019-04-20 17:52:31,Twitter for iPhone,0,9010
146,https://t.co/yoWCQLuxbD,23,2019-04-20 15:52:34,Twitter for iPhone,117054,36614
147,The end result of the greatest Witch Hunt in U.S. political history is No Collusion with Russia (and No Obstruction). Pretty Amazing!,133,2019-04-20 12:15:41,Twitter for iPhone,124201,25061
148,The Fake News Media is doing everything possible to stir up and anger the pols and as many people as possible seldo‚Ä¶ https://t.co/lvCYg9Xry8,140,2019-04-20 12:02:38,Twitter for iPhone,88501,21183
149,Despite the fact that the Mueller Report should not have been authorized in the first place &amp; was written as nastil‚Ä¶ https://t.co/hSqS7N0TH0,144,2019-04-20 11:53:29,Twitter for iPhone,109214,25664
150,"Wishing a Happy Passover to all those celebrating in America, Israel, and around the world! https://t.co/h3wgLZ4mxS",115,2019-04-19 23:10:40,Twitter for iPhone,111033,21404
151,‚ÄúTRUMP HAS BEEN TOTALLY VINDICATED‚Äù https://t.co/ZjmmVD1T4z,59,2019-04-19 22:51:04,Twitter for iPhone,84964,18729
152,RT @seanhannity: Mueller‚Äôs Final Report ‚ÄòCompletely Vindicates‚Äô President Trump üëá https://t.co/t97JxHWdji,105,2019-04-19 22:46:13,Twitter for iPhone,0,14660
153,RT @marklevinshow: More on the phony collusion scam https://t.co/pYwRe1ojNI,75,2019-04-19 22:45:23,Twitter for iPhone,0,11928
154,"RT @RepMattGaetz: ‚ÄúYou have guys that come through here that do this for a living‚Ä¶they bring groups across, they bring drugs across.‚Äù

Sher‚Ä¶",140,2019-04-19 21:44:40,Twitter for iPhone,0,13388
155,RT @TeamCavuto: .@RepMarkMeadows It's a good day for America and it's a good day for the President https://t.co/z2mpJu2JWJ,122,2019-04-19 21:42:51,Twitter for iPhone,0,10028
156,Time for Democrats to accept reality https://t.co/3SyAnkSVlX,60,2019-04-19 21:41:10,Twitter for iPhone,79718,19991
157,RT @ScottFantasy: @jdawsey1 This is why nobody but the @DNC circle jerk takes this seriously anymore.  That front page is a disgrace but in‚Ä¶,140,2019-04-19 21:30:39,Twitter for iPhone,0,8701
158,"The Washington Post and New York Times are, in my opinion, two of the most dishonest media outlets around. Truly, t‚Ä¶ https://t.co/wyogohR0yb",140,2019-04-19 21:23:10,Twitter for iPhone,76010,20656
159,"RT @JudicialWatch: JWPrez @TomFitton  Mueller Report Confirms Russia Hoax, NEW Deep State Lawsuit, John Kerry Colluding w/ Iran? https://t.‚Ä¶",140,2019-04-19 21:14:33,Twitter for iPhone,0,9996
160,"....big, fat, waste of time, energy and money - $30,000,000 to be exact. It is now finally time to turn the tables‚Ä¶ https://t.co/YjYZAoNUFc",139,2019-04-19 20:47:34,Twitter for iPhone,180299,41718
161,"...agreed to testify, it was not necessary for me to respond to statements made in the ‚ÄúReport‚Äù about me, some of w‚Ä¶ https://t.co/MmsyKs6G2w",140,2019-04-19 12:08:56,Twitter for iPhone,164176,33527
162,"Statements are made about me by certain people in the Crazy Mueller Report, in itself written by 18 Angry Democrat‚Ä¶ https://t.co/8SSXuBchfu",139,2019-04-19 11:53:09,Twitter for iPhone,113122,27088
163,Kimberley Strassel should get the Pulitzer. She is a treasure (and I don‚Äôt know her) who correctly called the Russi‚Ä¶ https://t.co/gsfwqiX9og,140,2019-04-19 02:34:48,Twitter for iPhone,87188,23565
164,‚ÄúThe Mueller Report is perhaps the single most humiliating thing that has ever happened to the White House Press in‚Ä¶ https://t.co/SfynIGwhdB,140,2019-04-19 00:38:16,Twitter for iPhone,120419,31976
165,"‚ÄúIf dozens of Federal prosecutors spent two years trying to charge you with a crime, and found they couldn‚Äôt, it wo‚Ä¶ https://t.co/E0BPPwRcKC",140,2019-04-19 00:27:34,Twitter for iPhone,113225,28072
166,"When there is not an underlying crime with regard to Collusion (in fact, the whole thing was a made up fraud), it i‚Ä¶ https://t.co/uZEQGQLrXN",140,2019-04-18 23:46:58,Twitter for iPhone,91914,21995
167,Anything the Russians did concerning the 2016 Election was done while Obama was President. He was told about it and‚Ä¶ https://t.co/adGILtxyRC,140,2019-04-18 23:28:23,Twitter for iPhone,130744,32792
168,"‚ÄúDonald Trump was being framed, he fought back. That is not Obstruction.‚Äù @JesseBWatters  I had the right to end th‚Ä¶ https://t.co/tMlkJ5Fa9u",140,2019-04-18 21:31:51,Twitter for iPhone,139761,35138
169,"Today, I was thrilled to host the @WWP Soldier Ride once again at the @WhiteHouse. We were all deeply honored to be‚Ä¶ https://t.co/I0GYOq1Re5",140,2019-04-18 20:37:57,Twitter for iPhone,70419,15800
170,"As I have been saying all along, NO COLLUSION - NO OBSTRUCTION! https://t.co/BnMB5mvHAM",87,2019-04-18 16:59:04,Twitter for iPhone,152323,40546
171,https://t.co/222atp7wuB,23,2019-04-18 13:57:33,Twitter for iPhone,400004,116905
172,No Collusion - No Obstruction! https://t.co/diggF8V3hl,54,2019-04-18 12:54:47,Twitter for iPhone,142892,37048
173,Attorney General William Barr‚Äôs Press Conference today at 9:30 AM ET. Watch on @FoxNews @OANN,93,2019-04-18 12:31:03,Twitter for iPhone,66047,13729
174,RT @DanScavino: Nadler (2019) vs. Nadler (1998) https://t.co/IVg7RW3f0F,71,2019-04-18 12:16:50,Twitter for iPhone,0,19812
175,"RT @JudicialWatch: On ""Hannity"", @seanhannity discussed some key findings from Judicial Watch in regards to the Clinton cover-up: ""We are f‚Ä¶",140,2019-04-18 12:15:19,Twitter for iPhone,0,12593
176,RT @JudicialWatch: Judicial Watch announced it received 756 pages of newly uncovered emails that were among the materials former Secretary‚Ä¶,139,2019-04-18 12:15:00,Twitter for iPhone,0,17277
177,RT @JudicialWatch: JW announced that it uncovered 422 pages of FBI documents showing evidence of ‚Äúcover up‚Äù discussions related to the Clin‚Ä¶,140,2019-04-18 12:13:44,Twitter for iPhone,0,12011
178,RT @JudicialWatch: JW President @TomFitton appeared on ‚ÄúFox and Friends First‚Äù to discuss AG Bill Barr‚Äôs testimony and Spygate: They know i‚Ä¶,140,2019-04-18 12:12:50,Twitter for iPhone,0,9219
179,"RT @JudicialWatch: JW President @TomFitton discusses Clinton‚Äôs memo: ""She signed a memo saying ‚Äòdue to recent targeting of personal email a‚Ä¶",140,2019-04-18 12:11:50,Twitter for iPhone,0,12398
180,RT @JudicialWatch: BREAKING: JW announced today that it filed a FOIA lawsuit against the DOJ for records of communications and payments bet‚Ä¶,140,2019-04-18 12:11:29,Twitter for iPhone,0,8340
181,PRESIDENTIAL HARASSMENT!,24,2019-04-18 12:07:08,Twitter for iPhone,146405,30777
182,"The Greatest Political Hoax of all time! Crimes were committed by Crooked, Dirty Cops and DNC/The Democrats.",108,2019-04-18 11:54:39,Twitter for iPhone,109452,27320
183,Nolte: Poll Shows Media Failed to Gaslight Public About Trump Campaign Spying https://t.co/06OZcBE08b via @BreitbartNews,120,2019-04-18 01:07:04,Twitter for iPhone,66658,19305
184,"RT @Team_Mitch: Today, we‚Äôre officially launching our re-election campaign. Check out our first video below and visit our new website here:‚Ä¶",140,2019-04-17 22:26:28,Twitter for iPhone,0,7144
185,RT @WhiteHouse: LIVE NOW: President Trump at the White House Opportunity Zones Conference https://t.co/whaCFJdEiK,113,2019-04-17 18:52:33,Twitter for iPhone,0,8927
186,....in my conversation yesterday with President @EmmanuelMacron of France. I also wished both Pope Francis and Pres‚Ä¶ https://t.co/MM51VwUYu8,140,2019-04-17 16:14:52,Twitter for iPhone,89945,14166
187,Just had a wonderful conversation with @Pontifex Francis offering condolences from the People of the United States‚Ä¶ https://t.co/j8wYTHscXn,139,2019-04-17 16:14:52,Twitter for iPhone,109120,18805
188,"Democrats in Congress must return from their Vacations and change the Immigration Laws, or the Border, despite the‚Ä¶ https://t.co/CGIB957pgG",139,2019-04-17 11:45:14,Twitter for iPhone,116539,26971
189,"Wow! FBI made 11 payments to Fake Dossier‚Äôs discredited author, Trump hater Christopher Steele. @OANN‚Ä¶ https://t.co/J5usyBMMnq",126,2019-04-17 11:34:45,Twitter for iPhone,122534,39735
190,"On Trumps ICC Win, Dems and Republicans See Eye to Eye | RealClearPolitics https://t.co/6S6mP6yH3A",98,2019-04-17 04:27:01,Twitter for iPhone,43954,10788
191,"RT @charliekirk11: It is miraculous that Trump not only beat the Bush dynasty, 16 Republicans, the FBI, the media, voter fraud cheaters, th‚Ä¶",140,2019-04-17 01:45:26,Twitter for iPhone,0,30535
192,I believe it will be Crazy Bernie Sanders vs. Sleepy Joe Biden as the two finalists to run against maybe the best E‚Ä¶ https://t.co/qHn7CkEoq2,140,2019-04-17 01:24:39,Twitter for iPhone,142432,29530
193,"Bernie Sanders and wife should pay the Pre-Trump Taxes on their almost $600,000 in income. He is always complaining‚Ä¶ https://t.co/OCaJ6IfulO",140,2019-04-17 01:11:47,Twitter for iPhone,129170,27868
194,Many Trump Fans &amp; Signs were outside of the @FoxNews Studio last night in the now thriving (Thank you President Tru‚Ä¶ https://t.co/vB5NyPTyI0,144,2019-04-17 00:57:41,Twitter for iPhone,95132,22553
195,Just signed a critical bill to formalize drought contingency plans for the Colorado River. Thanks to @SenMcSallyAZ‚Ä¶ https://t.co/OU80bg9EUK,139,2019-04-16 22:39:26,Twitter for iPhone,73455,15782
196,No Collusion - No Obstruction! https://t.co/cbFOEEyLtM,54,2019-04-16 18:59:17,Twitter Media Studio,65372,16863
197,"I will be in Green Bay, Wisconsin on Saturday, April 27th at the Resch Center ‚Äî 7:00pm (CDT). Big crowd expected!‚Ä¶ https://t.co/w8k4V1m0xk",138,2019-04-16 18:01:11,Twitter for iPhone,63655,16269
198,"So weird to watch Crazy Bernie on @FoxNews. Not surprisingly, @BretBaier and the ‚Äúaudience‚Äù was so smiley and nice.‚Ä¶ https://t.co/MsOz4iMVNi",140,2019-04-16 14:11:46,Twitter for iPhone,89650,20933
199,No Collusion - No Obstruction!,30,2019-04-16 13:34:55,Twitter for iPhone,132615,24888
